,name,address,city,state,description,star,full_address,postal_code,latitude,longitude
1, Sushi Inoue,381 Lenox Ave, New York, NY,ONE STAR for this Japanese restaurant in Harlem.,1,"381 Lenox Ave,  New York,  NY 10027",10027,40.8106585,-73.9438433
2, Dovetail,103 W 77th St, New York, NY,John Fraser's UWS fine dining restaurant has ONE STAR.,1,"103 W 77th St,  New York,  NY 10024",10024,40.7809405,-73.9766202
3, Cafe Boulud,20 E 76th St, New York, NY,Daniel Boulud's beloved Upper East Side restaurant has ONE STAR.,1,"20 E 76th St,  New York,  NY 10021",10021,40.7743902,-73.9639545
4, Jean-Georges,1 Central Park West, New York, NY,Jean-Georges Vongerichten's flagship restaurant has been downgraded this year to TWO STARS.,2,"1 Central Park West,  New York,  NY 10023",10023,40.7691474,-73.9815403
5, Masa,10 Columbus Cir, New York, NY,Masa Takayama's pricey sushi restaurant has THREE STARS.,3,"10 Columbus Cir,  New York,  NY 10019",10019,40.7685685,-73.9824278
7, Marea,240 Central Park S, New York, NY,Michael White's Central Park South Italian seafood restaurant has TWO STARS.,2,"240 Central Park S,  New York,  NY 10019",10019,40.7673343,-73.9811711
8, Daniel,60 E 65th St, New York, NY,Daniel Boulud's Upper East Side French restaurant has TWO STARS.,2,"60 E 65th St,  New York,  NY 10065",10065,40.7667776,-73.9675711
9, Torishin,362 W 53rd St, New York, NY,This terrific izakaya has ONE STAR.,1,"362 W 53rd St,  New York,  NY 10019",10019,40.7649952,-73.9871758
10, Le Bernardin,155 W 51st St, New York, NY,Eric Ripert's beloved seafood restaurant has THREE STARS.,3,"155 W 51st St,  New York,  NY 10019",10019,40.7613945,-73.981691
11, The Modern,9 W 53rd St, New York, NY,Danny Meyer's Midtown restaurant with chef Abram Bissell has TWO STARS.,2,"9 W 53rd St,  New York,  NY 10019",10019,40.7610807,-73.9770877
12, Aquavit,65 E 55th St, New York, NY,This Midtown Scandinavian restaurant has TWO STARS.,2,"65 E 55th St,  New York,  NY 10022",10022,40.7607818,-73.9721848
13, Caviar Russe,538 Madison Ave, New York, NY,This Midtown East fine dining restaurant has ONE STAR.,1,"538 Madison Ave,  New York,  NY 10022",10022,40.76074,-73.9737679
14, Satsuki (Suzuki’s sushi bar),114 W 47th St (discreetly located), New York, NY,The family behind longtime favorite Sushi Zen opened edomae-style omakase Satsuki in 2017 and have earned ONE STAR.,1,"114 W 47th St (discreetly located),  New York,  NY 10036",10036,40.758125,-73.982138
15, Chef's Table at Brooklyn Fare,431 W 37th St, New York, NY,Cesar Ramirez's fine-dining counter retains its THREE STAR rating for another year.,3,"431 W 37th St,  New York,  NY 10018",10018,40.7560775,-73.996449
16, Aureole,135 W 42nd St, New York, NY,Charlie Palmer's Times Square restaurant has ONE STAR.,1,"135 W 42nd St,  New York,  NY 10036",10036,40.7555484,-73.9853184
17, Gabriel Kreuther,41 W 42nd St, New York, NY,Gabriel Kreuther's eponymous Midtown restaurant has ONE STAR.,1,"41 W 42nd St,  New York,  NY 10036",10036,40.7541195,-73.98218
19, Sushi Ginza Onodera,461 5th Ave, New York, NY,This omakase-only restaurant has been upgraded this year to TWO STARS.,2,"461 5th Ave,  New York,  NY 10017",10017,40.7522716,-73.9813705
20, Sushi Amane,245 E 44th St, New York, NY,"After just three months in Midtown East, Sushi Amane scores ONE STAR.",1,"245 E 44th St,  New York,  NY 10017",10017,40.7516021,-73.9716905
21, Sushi Yasuda,204 E 43rd St, New York, NY,This sushi favorite has ONE STAR.,1,"204 E 43rd St,  New York,  NY 10017",10017,40.7511256,-73.9734665
22, Ai Fiori,400 5th Ave #2, New York, NY,Michael White's French Riviera-inspired restaurant has ONE STAR.,1,"400 5th Ave #2,  New York,  NY 10018",10018,40.7501051,-73.9838132
23, Café China,13 E 37th St, New York, NY,This stylish Midtown Sichuan restaurant has ONE STAR.,1,"13 E 37th St,  New York,  NY 10016",10016,40.7500083,-73.9821348
24, Kajitsu,125 E 39th St, New York, NY,This Midtown vegetarian Japanese restaurant has ONE STAR.,1,"125 E 39th St,  New York,  NY 10016",10016,40.7498535,-73.9777199
25, Tempura Matsui,222 E 39th St, New York, NY,This pricey Japanese restaurant retains its ONE STAR rating.,1,"222 E 39th St,  New York,  NY 10016",10016,40.7481499,-73.9748257
26, Ushiwakamaru,362 W 23rd St, New York, NY,This Kosher-friendly sushi bar has ONE STAR.,1,"362 W 23rd St,  New York,  NY 10011",10011,40.7461072,-74.0010394
27, The Breslin,16 W 29th St, New York, NY,"Ken Friedman and April Bloomfield's gastropub in the Ace Hotel has ONE STAR. Editor’s note: Ken Friedman, a part-owner, has been accused of sexual misconduct by multiple women.",1,"16 W 29th St,  New York,  NY 10001",10001,40.7458728,-73.9884442
28, The NoMad Restaurant,1170 Broadway, New York, NY,Daniel Humm and Will Guidara’s restaurant in The NoMad Hotel retains its ONE STAR rating.,1,"1170 Broadway,  New York,  NY 10001",10001,40.7449246,-73.988596
29, Del Posto,85 10th Ave, New York, NY,"This Chelsea Italian restaurant from Mario Batali, Joe Bastianich, and Lidia Bastianich stays on the list with new executive chef Melissa Rodriguez with ONE STAR. Editor’s note: Mario Batali, a part-owner, has been accused of sexual misconduct by multiple women.",1,"85 10th Ave,  New York,  NY 10011",10011,40.7434562,-74.0075595
30, Casa Enrique,5-48 49th Ave, Long Island City, NY,"ONE STAR for Cosme Aguilar's Mexican restaurant, the only one on the list.",1,"5-48 49th Ave,  Long Island City,  NY 11101",11101,40.7433617,-73.9542277
31, Junoon,27 W 24th St, New York, NY,Rajesh Bhardwaj’s Indian fine dining restaurant has ONE STAR.,1,"27 W 24th St,  New York,  NY 10010",10010,40.743201,-73.9908287
32, La Sirena,88 9th Ave, New York, NY,"Mario Batali and Joe Bastianich's sprawling Chelsea restaurant has ONE STAR. Editor’s note: Mario Batali, a part-owner, has been accused of sexual misconduct by multiple women.",1,"88 9th Ave,  New York,  NY 10011",10011,40.7424874,-74.0040163
33, Eleven Madison Park,11 Madison Ave, New York, NY,Daniel Humm and Will Guidara's newly renovated stunner holds onto its THREE STARS.,3,"11 Madison Ave,  New York,  NY 10010",10010,40.7415982,-73.9871904
34, The Clocktower,5 Madison Ave, New York, NY,"The British restaurant, opened in 2015 from prolific restaurateur Stephen Starr and chef Jason Atherton, earns ONE STAR for the first time.",1,"5 Madison Ave,  New York,  NY 10010",10010,40.7413262,-73.9874695
35, Cote Korean Steakhouse,16 W 22nd St, New York, NY,The new steakhouse from owner Simon Kim and chef David Shim makes it on the list with ONE STAR. ,1,"16 W 22nd St,  New York,  NY 10010",10010,40.7410462,-73.9914203
36, Rouge Tomate Chelsea,126 W 18th St, New York, NY,This wine-focused American Chelsea restaurant lands on the list this year with ONE STAR.,1,"126 W 18th St,  New York,  NY 10011",10011,40.7401601,-73.9963011
37, Gunter Seeger NY,641 Hudson St, New York, NY,The Atlanta chef's eponymous restaurant has ONE STAR.,1,"641 Hudson St,  New York,  NY 10014",10014,40.7390267,-74.0058009
38, ALDEA,31 W 17th St, New York, NY,George Mendes’ modern Portuguese restaurant has ONE STAR.,1,"31 W 17th St,  New York,  NY 10011",10011,40.7387897,-73.9937507
39, Gramercy Tavern,42 E 20th St, New York, NY,Restaurateur Danny Meyer and chef Michael Anthony's perennial favorite has ONE STAR.,1,"42 E 20th St,  New York,  NY 10003",10003,40.7383894,-73.988414
40, Casa Mono,52 Irving Pl, New York, NY,"This Gramercy Spanish restaurant from Mario Batali has ONE STAR. Editor’s note: Mario Batali, a part-owner, has been accused of sexual misconduct by multiple women.",1,"52 Irving Pl,  New York,  NY 10003",10003,40.7359257,-73.9871655
41, Wallsé,344 W 11th St, New York, NY,Kurt Gutenbrunner's West Village Austrian restaurant has ONE STAR.,1,"344 W 11th St,  New York,  NY 10014",10014,40.7354186,-74.0082138
42, Gotham Bar and Grill,12 E 12th St, New York, NY,Alfred Portale's classic American restaurant has ONE STAR.,1,"12 E 12th St,  New York,  NY 10003",10003,40.7340836,-73.9937563
43, Nix,72 University Pl, New York, NY,John Fraser's vegetarian restaurant holds onto its ONE STAR.,1,"72 University Pl,  New York,  NY 10003",10003,40.7332675,-73.9937114
44, Babbo,110 Waverly Pl, New York, NY,"Mario Batali's flagship restaurant has ONE STAR. Editor’s note: Mario Batali, a part-owner, has been accused of sexual misconduct by multiple women.",1,"110 Waverly Pl,  New York,  NY 10011",10011,40.7322954,-73.9992637
45, Blue Hill,75 Washington Pl, New York, NY,Dan Barber's farm-to-table restaurant off Washington Square Park has ONE STAR.,1,"75 Washington Pl,  New York,  NY 10011",10011,40.7320396,-73.9995703
46, Kanoyama,175 2nd Ave, New York, NY,This East Village sushi restaurant retains ONE STAR.,1,"175 2nd Ave,  New York,  NY 10003",10003,40.730686,-73.9864013
47, Minetta Tavern,113 Macdougal St, New York, NY,Keith McNally's steakhouse gem has ONE STAR.,1,"113 Macdougal St,  New York,  NY 10012",10012,40.7299655,-74.0006297
48, Sushi Zo,88 W 3rd St, New York, NY,The New York offshoot of a high-end LA sushi restaurant has ONE STAR.,1,"88 W 3rd St,  New York,  NY 10012",10012,40.7297663,-73.9992377
49, Carbone,181 Thompson St, New York, NY,"The fancy red sauce Italian restaurant from Rich Torrisi, Mario Carbone, and Jeff Zalaznick has ONE STAR.",1,"181 Thompson St,  New York,  NY 10012",10012,40.7280028,-74.0002252
50, ZZ's Clam Bar,169 Thompson St, New York, NY,Major Food Group's cocktail lounge and seafood bar has ONE STAR.,1,"169 Thompson St,  New York,  NY 10012",10012,40.7276892,-74.0004432
51, Jewel Bako,239 E 5th St, New York, NY,Jack Lamb's East Village Japanese restaurant has ONE STAR.,1,"239 E 5th St,  New York,  NY 10003",10003,40.7270458,-73.9893304
52, Kyo Ya,94 E 7th St, New York, NY,This East Village Japanese restaurant has ONE STAR.,1,"94 E 7th St,  New York,  NY 10009",10009,40.7266255,-73.9853798
53, Momofuku Ko,8 Extra Pl, New York, NY,David Chang's East Village chef's counter has TWO STARS.,2,"8 Extra Pl,  New York,  NY 10003",10003,40.7249483,-73.9913375
54, Hirohisa,73 Thompson St, New York, NY,This Japanese restaurant sticks on the list with ONE STAR.,1,"73 Thompson St,  New York,  NY 10012",10012,40.7245853,-74.0031325
55, The Musket Room,265 Elizabeth St, New York, NY,This New Zealand-inspired restaurant from Matt Lambert retains its ONE STAR rating.,1,"265 Elizabeth St,  New York,  NY 10012",10012,40.7239493,-73.9938986
56, Rebelle,218 Bowery, New York, NY,This modern French wine bar on the Bowery has ONE STAR.,1,"218 Bowery,  New York,  NY 10012",10012,40.7163854,-73.9959866
57, Uchu,217 Eldridge St, New York, NY,Eiji Ichimura’s new sushi tasting counter makes it to the list with ONE STAR.,1,"217 Eldridge St,  New York,  NY 10002",10002,40.7217541,-73.9903257
58, Uncle Boons,7 Spring St, New York, NY,This Nolita Thai restaurant sticks on the list with ONE STAR.,1,"7 Spring St,  New York,  NY 10012",10012,40.7213443,-73.9943751
59, Contra,138 Orchard St, New York, NY,Fabian von Hauske and Jeremiah Stone’s ambitious set menu restaurant has ONE STAR.,1,"138 Orchard St,  New York,  NY 10002",10002,40.7199688,-73.989175
60, Bâtard,239 W Broadway, New York, NY,"The Tribeca restaurant from Drew Nieporent, Markus Glocker, and John Winterman retains its ONE STAR rating.",1,"239 W Broadway,  New York,  NY 10013",10013,40.7195759,-74.0058025
61, Jungsik,2 Harrison St, New York, NY,This Korean fine dining restaurant has TWO STARS.,2,"2 Harrison St,  New York,  NY 10013",10013,40.71879,-74.009476
62, Delaware and Hudson,135 N 5th St, Brooklyn, NY,Patti Jackson's mid-Atlantic focused restaurant has ONE STAR.,1,"135 N 5th St,  Brooklyn,  NY 11249",11249,40.716997,-73.9591501
63, Atera,77 Worth St, New York, NY,This forward-thinking Tribeca restaurant has TWO STARS.,2,"77 Worth St,  New York,  NY 10013",10013,40.716937,-74.0056985
64, Aska,47 S 5th St, Brooklyn, NY,Fredrik Berselius’s tasting menu reboot sticks with TWO STARS.,2,"47 S 5th St,  Brooklyn,  NY 11249",11249,40.7124231,-73.9664901
65, L'Appart,225 Liberty St, New York, NY,Le District's tasting menu restaurant lands on the list with ONE STAR.,1,"225 Liberty St,  New York,  NY 10281",10281,40.712272,-74.0154361
66, Meadowsweet,149 Broadway, Brooklyn, NY,Polo Dobkin's American restaurant gets ONE STAR.,1,"149 Broadway,  Brooklyn,  NY 11211",11211,40.7103472,-73.9631701
67, Peter Luger Steak House,178 Broadway, Brooklyn, NY,New York's most beloved steakhouse has ONE STAR.,1,"178 Broadway,  Brooklyn,  NY 11211",11211,40.7098661,-73.9625564
68, Faro,436 Jefferson St, Brooklyn, NY,Kevin and Debbie Adey's Bushwick restaurant has ONE STAR.,1,"436 Jefferson St,  Brooklyn,  NY 11237",11237,40.7074483,-73.9229012
69, Blanca,261 Moore St, Brooklyn, NY,Carlo Mirarchi's Bushwick tasting menu restaurant has TWO STARS.,2,"261 Moore St,  Brooklyn,  NY 11206",11206,40.7050062,-73.9335894
70, The River Café,1 Water St, Brooklyn, NY,Brooklyn's iconic floating restaurant has ONE STAR.,1,"1 Water St,  Brooklyn,  NY 11201",11201,40.7037562,-73.994822
71, La Vara,268 Clinton St, Brooklyn, NY,Alex Raij and Eder Montero's Cobble Hill restaurant has ONE STAR.,1,"268 Clinton St,  Brooklyn,  NY 11201",11201,40.6877918,-73.9956984
72, The Finch,212 Greene Ave, Brooklyn, NY,This Clinton Hill New American restaurant has ONE STAR.,1,"212 Greene Ave,  Brooklyn,  NY 11238",11238,40.6869332,-73.9628918
6, Per Se,4th Floor  Time Warner Center  10 Columbus Cir, New York, NY,Thomas Keller's restaurant in the Time Warner Center has THREE STARS.,3,"4th Floor  Time Warner Center  10 Columbus Cir,  New York,  NY 10023",10023,40.712792,-74.004334
18, Agern,Grand Central Terminal  89 E 42nd St, New York, NY,Claus Meyer’s Grand Central restaurant retains ONE STAR.,1,"Grand Central Terminal  89 E 42nd St,  New York,  NY 10017",10017,40.7528064,-73.9771792